{
    "name": "root",
    "gauges": {
        "AttackBalloon.Policy.Entropy.mean": {
            "value": 0.7917854189872742,
            "min": 0.7885684967041016,
            "max": 0.8561988472938538,
            "count": 1206
        },
        "AttackBalloon.Policy.Entropy.sum": {
            "value": 3927.255615234375,
            "min": 1977.2978515625,
            "max": 4361.60205078125,
            "count": 1206
        },
        "AttackBalloon.Step.mean": {
            "value": 49999914.0,
            "min": 43974969.0,
            "max": 49999914.0,
            "count": 1206
        },
        "AttackBalloon.Step.sum": {
            "value": 49999914.0,
            "min": 43974969.0,
            "max": 49999914.0,
            "count": 1206
        },
        "AttackBalloon.Policy.ExtrinsicValueEstimate.mean": {
            "value": 2.7445292472839355,
            "min": 2.043935775756836,
            "max": 52.76756286621094,
            "count": 1206
        },
        "AttackBalloon.Policy.ExtrinsicValueEstimate.sum": {
            "value": 115.27022552490234,
            "min": 63.00547409057617,
            "max": 2269.005126953125,
            "count": 1206
        },
        "AttackBalloon.Environment.EpisodeLength.mean": {
            "value": 1999.0,
            "min": 1014.0,
            "max": 1999.0,
            "count": 1206
        },
        "AttackBalloon.Environment.EpisodeLength.sum": {
            "value": 3998.0,
            "min": 1999.0,
            "max": 6882.0,
            "count": 1206
        },
        "AttackBalloon.Environment.CumulativeReward.mean": {
            "value": 4.575000166893005,
            "min": -2.9666666189829507,
            "max": 10.675000563263893,
            "count": 1206
        },
        "AttackBalloon.Environment.CumulativeReward.sum": {
            "value": 9.15000033378601,
            "min": -8.899999856948853,
            "max": 27.450001575052738,
            "count": 1206
        },
        "AttackBalloon.Policy.ExtrinsicReward.mean": {
            "value": 4.575000166893005,
            "min": -2.9666666189829507,
            "max": 10.675000563263893,
            "count": 1206
        },
        "AttackBalloon.Policy.ExtrinsicReward.sum": {
            "value": 9.15000033378601,
            "min": -8.899999856948853,
            "max": 27.450001575052738,
            "count": 1206
        },
        "AttackBalloon.IsTraining.mean": {
            "value": 1.0,
            "min": 1.0,
            "max": 1.0,
            "count": 1206
        },
        "AttackBalloon.IsTraining.sum": {
            "value": 1.0,
            "min": 1.0,
            "max": 1.0,
            "count": 1206
        },
        "AttackBalloon.Losses.PolicyLoss.mean": {
            "value": 0.018494375810648004,
            "min": 0.015293390055497487,
            "max": 0.02034030409219364,
            "count": 58
        },
        "AttackBalloon.Losses.PolicyLoss.sum": {
            "value": 0.018494375810648004,
            "min": 0.015293390055497487,
            "max": 0.02034030409219364,
            "count": 58
        },
        "AttackBalloon.Losses.ValueLoss.mean": {
            "value": 0.03767127604534229,
            "min": 0.03767127604534229,
            "max": 35.27726197560628,
            "count": 58
        },
        "AttackBalloon.Losses.ValueLoss.sum": {
            "value": 0.03767127604534229,
            "min": 0.03767127604534229,
            "max": 35.27726197560628,
            "count": 58
        },
        "AttackBalloon.Policy.LearningRate.mean": {
            "value": 0.00030000000000000003,
            "min": 0.00030000000000000003,
            "max": 0.00030000000000000003,
            "count": 58
        },
        "AttackBalloon.Policy.LearningRate.sum": {
            "value": 0.00030000000000000003,
            "min": 0.00030000000000000003,
            "max": 0.00030000000000000003,
            "count": 58
        },
        "AttackBalloon.Policy.Epsilon.mean": {
            "value": 0.19999999999999996,
            "min": 0.19999999999999996,
            "max": 0.19999999999999996,
            "count": 58
        },
        "AttackBalloon.Policy.Epsilon.sum": {
            "value": 0.19999999999999996,
            "min": 0.19999999999999996,
            "max": 0.19999999999999996,
            "count": 58
        },
        "AttackBalloon.Policy.Beta.mean": {
            "value": 0.005,
            "min": 0.005,
            "max": 0.005,
            "count": 58
        },
        "AttackBalloon.Policy.Beta.sum": {
            "value": 0.005,
            "min": 0.005,
            "max": 0.005,
            "count": 58
        }
    },
    "metadata": {
        "timer_format_version": "0.1.0",
        "start_time_seconds": "1778589532",
        "python_version": "3.10.18 | packaged by Anaconda, Inc. | (main, Jun  5 2025, 13:08:55) [MSC v.1929 64 bit (AMD64)]",
        "command_line_arguments": "learn.py ./trainer_config_ppo.yaml --run-id=AB_PPO_unsup1.5_seed=1 --resume --env=AB_multi_release_v1.0_windows_seed\\air_combat_URP.exe",
        "mlagents_version": "0.30.0",
        "mlagents_envs_version": "0.30.0",
        "communication_protocol_version": "1.5.0",
        "pytorch_version": "2.8.0.dev20250604+cu128",
        "numpy_version": "1.23.5",
        "end_time_seconds": "1778647102"
    },
    "total": 57570.11517779995,
    "count": 1,
    "self": 0.64319249993423,
    "children": {
        "run_training.setup": {
            "total": 0.07355660002212971,
            "count": 1,
            "self": 0.07355660002212971
        },
        "TrainerController.start_learning": {
            "total": 57569.39842869999,
            "count": 1,
            "self": 42.90351888991427,
            "children": {
                "TrainerController._reset_env": {
                    "total": 7.096761699998751,
                    "count": 1,
                    "self": 7.096761699998751
                },
                "TrainerController.advance": {
                    "total": 57519.33368741005,
                    "count": 6030058,
                    "self": 41.52628493460361,
                    "children": {
                        "env_step": {
                            "total": 34453.332545131154,
                            "count": 6030058,
                            "self": 28305.743174018455,
                            "children": {
                                "SubprocessEnvManager._take_step": {
                                    "total": 6116.157931188995,
                                    "count": 6030058,
                                    "self": 155.6794425729895,
                                    "children": {
                                        "TorchPolicy.evaluate": {
                                            "total": 5960.478488616005,
                                            "count": 6027305,
                                            "self": 5960.478488616005
                                        }
                                    }
                                },
                                "workers": {
                                    "total": 31.431439923704602,
                                    "count": 6030058,
                                    "self": 0.0,
                                    "children": {
                                        "worker_root": {
                                            "total": 57499.04030312592,
                                            "count": 6030058,
                                            "is_parallel": true,
                                            "self": 44872.23457791889,
                                            "children": {
                                                "steps_from_proto": {
                                                    "total": 0.0002120000426657498,
                                                    "count": 1,